,alpha_c.csv
1,https://www.rxlist.com/ruconest-drug.htm
2,https://www.rxlist.com/haegarda-drug.htm
3,https://www.rxlist.com/ca-dtpa-drug.htm
4,https://www.rxlist.com/jevtana-drug.htm
6,https://www.rxlist.com/dostinex-drug.htm
9,https://www.rxlist.com/vocabria-drug.htm
13,https://www.rxlist.com/caduet-drug.htm
14,https://www.rxlist.com/caelyx-drug.htm
16,https://www.rxlist.com/cafergot-drug.htm
20,https://www.rxlist.com/calan-drug.htm
21,https://www.rxlist.com/calan-sr-drug.htm
22,https://www.rxlist.com/asparlas-drug.htm
23,https://www.rxlist.com/rayaldee-drug.htm
24,https://www.rxlist.com/calciferol-drug.htm
26,https://www.rxlist.com/taclonex-drug.htm
27,https://www.rxlist.com/wynzora-drug.htm
28,https://www.rxlist.com/enstilar-drug.htm
29,https://www.rxlist.com/taclonex-scalp-drug.htm
30,https://www.rxlist.com/dovonex-cream-drug.htm
31,https://www.rxlist.com/sorilux-drug.htm
32,https://www.rxlist.com/dovonex-ointment-drug.htm
33,https://www.rxlist.com/dovonex-scalp-drug.htm
34,https://www.rxlist.com/miacalcin-drug.htm
35,https://www.rxlist.com/fortical-drug.htm
36,https://www.rxlist.com/rocaltrol-drug.htm
37,https://www.rxlist.com/vectical-drug.htm
39,https://www.rxlist.com/phoslyra-drug.htm
40,https://www.rxlist.com/phoslo-drug.htm
41,https://www.rxlist.com/eliphos-drug.htm
44,https://www.rxlist.com/calcium-disodium-versenate-drug.htm
45,https://www.rxlist.com/calcium-gluconate-drug.htm
46,https://www.rxlist.com/radiesse-drug.htm
47,https://www.rxlist.com/xywav-drug.htm
48,https://www.rxlist.com/caldolor-drug.htm
49,https://www.rxlist.com/infasurf-drug.htm
51,https://www.rxlist.com/calquence-drug.htm
52,https://www.rxlist.com/cambia-drug.htm
53,https://www.rxlist.com/campath-drug.htm
54,https://www.rxlist.com/campral-drug.htm
55,https://www.rxlist.com/camptosar-inj-drug.htm
56,https://www.rxlist.com/camrese-drug.htm
57,https://www.rxlist.com/invokamet-xr-drug.htm
58,https://www.rxlist.com/invokamet-drug.htm
59,https://www.rxlist.com/invokana-drug.htm
60,https://www.rxlist.com/ilaris-drug.htm
61,https://www.rxlist.com/canasa-drug.htm
63,https://www.rxlist.com/atacand-drug.htm
66,https://www.rxlist.com/atacand-hct-drug.htm
69,https://www.rxlist.com/kengreal-drug.htm
70,https://www.rxlist.com/epidiolex-drug.htm
71,https://www.rxlist.com/cantil-drug.htm
73,https://www.rxlist.com/xeloda-drug.htm
76,https://www.rxlist.com/capex-shampoo-drug.htm
78,https://www.rxlist.com/caplyta-drug.htm
79,https://www.rxlist.com/tabrecta-drug.htm
82,https://www.rxlist.com/caprelsa-drug.htm
84,https://www.rxlist.com/prostascint-drug.htm
85,https://www.rxlist.com/axona-drug.htm
86,https://www.rxlist.com/qutenza-drug.htm
89,https://www.rxlist.com/carac-drug.htm
90,https://www.rxlist.com/carafate-suspension-drug.htm
91,https://www.rxlist.com/carafate-drug.htm
92,https://www.rxlist.com/miostat-drug.htm
94,https://www.rxlist.com/tegretol-drug.htm
97,https://www.rxlist.com/epitol-drug.htm
98,https://www.rxlist.com/equetro-drug.htm
100,https://www.rxlist.com/geocillin-drug.htm
101,https://www.rxlist.com/lodosyn-drug.htm
102,https://www.rxlist.com/rytary-drug.htm
103,https://www.rxlist.com/duopa-drug.htm
104,https://www.rxlist.com/parcopa-drug.htm
105,https://www.rxlist.com/stalevo-drug.htm
106,https://www.rxlist.com/sinemet-drug.htm
107,https://www.rxlist.com/sinemet-cr-drug.htm
108,https://www.rxlist.com/rondec-drug.htm
109,https://www.rxlist.com/karbinal-er-drug.htm
110,https://www.rxlist.com/carbocaine-drug.htm
111,https://www.rxlist.com/paraplatin-drug.htm
114,https://www.rxlist.com/hemabate-drug.htm
115,https://www.rxlist.com/cardene-iv-drug.htm
116,https://www.rxlist.com/cardene-drug.htm
117,https://www.rxlist.com/cardiogen-82-drug.htm
118,https://www.rxlist.com/cardizem-drug.htm
119,https://www.rxlist.com/cardizem-cd-drug.htm
120,https://www.rxlist.com/cardizem-la-drug.htm
121,https://www.rxlist.com/cardura-drug.htm
122,https://www.rxlist.com/cardura-xl-drug.htm
123,https://www.rxlist.com/kyprolis-drug.htm
125,https://www.rxlist.com/carimune-drug.htm
126,https://www.rxlist.com/vraylar-drug.htm
127,https://www.rxlist.com/soma-drug.htm
128,https://www.rxlist.com/carisoprodol-and-aspirin-drug.htm
129,https://www.rxlist.com/soma-compound-drug.htm
130,https://www.rxlist.com/soma-compound-with-codeine-drug.htm
131,https://www.rxlist.com/carmol-hc-drug.htm
132,https://www.rxlist.com/bicnu-drug.htm
134,https://www.rxlist.com/carnitor-drug.htm
135,https://www.rxlist.com/carnitor-injection-drug.htm
136,https://www.rxlist.com/carospir-drug.htm
139,https://www.rxlist.com/cartia-drug.htm
140,https://www.rxlist.com/carticel-drug.htm
143,https://www.rxlist.com/amondys-45-drug.htm
144,https://www.rxlist.com/casodex-drug.htm
146,https://www.rxlist.com/casporyn-drug.htm
147,https://www.rxlist.com/cassipa-drug.htm
148,https://www.rxlist.com/cat-hair-allergenic-extract-drug.htm
149,https://www.rxlist.com/cataflam-drug.htm
152,https://www.rxlist.com/cathflo-activase-drug.htm
153,https://www.rxlist.com/tretten-drug.htm
154,https://www.rxlist.com/caverject-drug.htm
155,https://www.rxlist.com/caverject-impulse-drug.htm
156,https://www.rxlist.com/caverject-powder-drug.htm
157,https://www.rxlist.com/cayston-drug.htm
159,https://www.rxlist.com/ceenu-drug.htm
162,https://www.rxlist.com/duricef-drug.htm
165,https://www.rxlist.com/mandol-drug.htm
168,https://www.rxlist.com/omnicef-drug.htm
169,https://www.rxlist.com/spectracef-drug.htm
170,https://www.rxlist.com/maxipime-drug.htm
171,https://www.rxlist.com/fetroja-drug.htm
172,https://www.rxlist.com/suprax-drug.htm
173,https://www.rxlist.com/cefobid-drug.htm
181,https://www.rxlist.com/mefoxin-drug.htm
182,https://www.rxlist.com/vantin-drug.htm
184,https://www.rxlist.com/teflaro-drug.htm
186,https://www.rxlist.com/fortaz-drug.htm
187,https://www.rxlist.com/tazicef-drug.htm
188,https://www.rxlist.com/avycaz-drug.htm
191,https://www.rxlist.com/zerbaxa-drug.htm
192,https://www.rxlist.com/rocephin-drug.htm
196,https://www.rxlist.com/zinacef-drug.htm
202,https://www.rxlist.com/elyxyb-drug.htm
203,https://www.rxlist.com/celestone-soluspan-drug.htm
204,https://www.rxlist.com/celestone-drug.htm
206,https://www.rxlist.com/cellcept-drug.htm
207,https://www.rxlist.com/lacrisert-drug.htm
208,https://www.rxlist.com/celontin-drug.htm
209,https://www.rxlist.com/libtayo-drug.htm
210,https://www.rxlist.com/oxervate-drug.htm
211,https://www.rxlist.com/cenestin-drug.htm
212,https://www.rxlist.com/xcopri-drug.htm
213,https://www.rxlist.com/centany-drug.htm
214,https://www.rxlist.com/center-al-drug.htm
215,https://www.rxlist.com/cephadyn-drug.htm
216,https://www.rxlist.com/keflex-drug.htm
217,https://www.rxlist.com/ceprotin-drug.htm
220,https://www.rxlist.com/cerdelga-drug.htm
221,https://www.rxlist.com/cerebyx-drug.htm
222,https://www.rxlist.com/ceredase-drug.htm
223,https://www.rxlist.com/ceretec-drug.htm
224,https://www.rxlist.com/cerezyme-drug.htm
225,https://www.rxlist.com/cerianna-drug.htm
226,https://www.rxlist.com/zykadia-drug.htm
227,https://www.rxlist.com/baycol-drug.htm
228,https://www.rxlist.com/brineura-drug.htm
229,https://www.rxlist.com/cernevit-drug.htm
230,https://www.rxlist.com/certiva-drug.htm
232,https://www.rxlist.com/cerubidine-drug.htm
233,https://www.rxlist.com/cerumenex-drug.htm
234,https://www.rxlist.com/cervarix-drug.htm
235,https://www.rxlist.com/cervidil-drug.htm
236,https://www.rxlist.com/cesamet-drug.htm
237,https://www.rxlist.com/cetacaine-drug.htm
238,https://www.rxlist.com/zyrtec-drug.htm
239,https://www.rxlist.com/quzyttir-drug.htm
240,https://www.rxlist.com/zerviate-drug.htm
241,https://www.rxlist.com/zyrtec-d-drug.htm
245,https://www.rxlist.com/erbitux-drug.htm
246,https://www.rxlist.com/cetylev-drug.htm
247,https://www.rxlist.com/evoxac-drug.htm
248,https://www.rxlist.com/chantix-drug.htm
249,https://www.rxlist.com/chateal-drug.htm
250,https://www.rxlist.com/chemet-drug.htm
253,https://www.rxlist.com/chibroxin-drug.htm
254,https://www.rxlist.com/chirhostim-drug.htm
256,https://www.rxlist.com/noctec-drug.htm
257,https://www.rxlist.com/leukeran-drug.htm
262,https://www.rxlist.com/librium-drug.htm
263,https://www.rxlist.com/limbitrol-drug.htm
264,https://www.rxlist.com/librax-drug.htm
265,https://www.rxlist.com/periochip-drug.htm
266,https://www.rxlist.com/peridex-drug.htm
267,https://www.rxlist.com/dyna-hex-2-drug.htm
268,https://www.rxlist.com/periogard-drug.htm
270,https://www.rxlist.com/nesacaine-drug.htm
273,https://www.rxlist.com/aralen-drug.htm
274,https://www.rxlist.com/diuril-drug.htm
276,https://www.rxlist.com/thorazine-drug.htm
277,https://www.rxlist.com/diabinese-drug.htm
278,https://www.rxlist.com/thalitone-drug.htm
279,https://www.rxlist.com/parafon-forte-drug.htm
281,https://www.rxlist.com/lorzone-drug.htm
285,https://www.rxlist.com/cholera-vaccine-drug.htm
286,https://www.rxlist.com/vaxchora-drug.htm
287,https://www.rxlist.com/questran-drug.htm
288,https://www.rxlist.com/prevalite-drug.htm
289,https://www.rxlist.com/choletec-drug.htm
291,https://www.rxlist.com/trilisate-drug.htm
292,https://www.rxlist.com/cholografin-meglumine-drug.htm
293,https://www.rxlist.com/ovidrel-drug.htm
294,https://www.rxlist.com/pregnyl-drug.htm
295,https://www.rxlist.com/novarel-drug.htm
298,https://www.rxlist.com/cialis-drug.htm
299,https://www.rxlist.com/zetonna-drug.htm
300,https://www.rxlist.com/alvesco-drug.htm
301,https://www.rxlist.com/omnaris-drug.htm
304,https://www.rxlist.com/loprox-cream-drug.htm
305,https://www.rxlist.com/loprox-drug.htm
306,https://www.rxlist.com/loprox-lotion-drug.htm
308,https://www.rxlist.com/loprox-shampoo-drug.htm
309,https://www.rxlist.com/penlac-drug.htm
311,https://www.rxlist.com/cidaleaze-drug.htm
312,https://www.rxlist.com/vistide-drug.htm
313,https://www.rxlist.com/pletal-drug.htm
316,https://www.rxlist.com/cimduo-drug.htm
317,https://www.rxlist.com/tagamet-drug.htm
319,https://www.rxlist.com/sensipar-drug.htm
320,https://www.rxlist.com/onexton-drug.htm
323,https://www.rxlist.com/cinqair-drug.htm
325,https://www.rxlist.com/cinvanti-drug.htm
333,https://www.rxlist.com/otovel-drug.htm
335,https://www.rxlist.com/proquin-xr-drug.htm
341,https://www.rxlist.com/otiprio-drug.htm
342,https://www.rxlist.com/cis-sulfur-colloid-drug.htm
343,https://www.rxlist.com/propulsid-drug.htm
344,https://www.rxlist.com/nimbex-drug.htm
346,https://www.rxlist.com/platinol-drug.htm
348,https://www.rxlist.com/platinol-aq-drug.htm
350,https://www.rxlist.com/citanest-forte-dental-drug.htm
351,https://www.rxlist.com/citanest-plain-dental-drug.htm
352,https://www.rxlist.com/renacidin-drug.htm
353,https://www.rxlist.com/leustatin-drug.htm
354,https://www.rxlist.com/mavenclad-drug.htm
356,https://www.rxlist.com/clanza-cr-drug.htm
357,https://www.rxlist.com/claravis-drug.htm
358,https://www.rxlist.com/clarinex-drug.htm
359,https://www.rxlist.com/clarinex-d-12hr-drug.htm
360,https://www.rxlist.com/clarinex-d-24hr-drug.htm
361,https://www.rxlist.com/clariscan-drug.htm
362,https://www.rxlist.com/biaxin-drug.htm
363,https://www.rxlist.com/claritin-drug.htm
364,https://www.rxlist.com/claritin-d-drug.htm
365,https://www.rxlist.com/winlevi-drug.htm
366,https://www.rxlist.com/clemastine-fumarate-syrup-drug.htm
367,https://www.rxlist.com/clemastine-fumarate-tablets-drug.htm
368,https://www.rxlist.com/clenpiq-drug.htm
379,https://www.rxlist.com/climara-drug.htm
380,https://www.rxlist.com/climara-pro-drug.htm
388,https://www.rxlist.com/benzaclin-drug.htm
389,https://www.rxlist.com/duac-drug.htm
390,https://www.rxlist.com/evoclin-drug.htm
394,https://www.rxlist.com/acanya-drug.htm
395,https://www.rxlist.com/neuac-drug.htm
396,https://www.rxlist.com/veltin-drug.htm
397,https://www.rxlist.com/clindamycin-phosphate-topical-solution-drug.htm
400,https://www.rxlist.com/ziana-gel-drug.htm
404,https://www.rxlist.com/clinimix-e-drug.htm
405,https://www.rxlist.com/clinolipid-drug.htm
406,https://www.rxlist.com/clinoril-drug.htm
407,https://www.rxlist.com/onfi-drug.htm
408,https://www.rxlist.com/olux-drug.htm
409,https://www.rxlist.com/impoyz-drug.htm
410,https://www.rxlist.com/temovate-drug.htm
411,https://www.rxlist.com/olux-e-drug.htm
412,https://www.rxlist.com/temovate-gel-drug.htm
415,https://www.rxlist.com/impeklo-drug.htm
417,https://www.rxlist.com/temovate-scalp-drug.htm
427,https://www.rxlist.com/lamprene-drug.htm
431,https://www.rxlist.com/anafranil-drug.htm
432,https://www.rxlist.com/klonopin-drug.htm
436,https://www.rxlist.com/kapvay-drug.htm
437,https://www.rxlist.com/duraclon-drug.htm
438,https://www.rxlist.com/jenloga-drug.htm
439,https://www.rxlist.com/plavix-drug.htm
440,https://www.rxlist.com/tranxene-drug.htm
443,https://www.rxlist.com/mycelex-drug.htm
444,https://www.rxlist.com/lotrisone-drug.htm
445,https://www.rxlist.com/gyne-lotrimin-drug.htm
446,https://www.rxlist.com/clovique-drug.htm
448,https://www.rxlist.com/fazaclo-drug.htm
449,https://www.rxlist.com/versacloz-drug.htm
452,https://www.rxlist.com/cnj-016-drug.htm
454,https://www.rxlist.com/mononine-drug.htm
455,https://www.rxlist.com/rebinyn-drug.htm
456,https://www.rxlist.com/idelvion-drug.htm
457,https://www.rxlist.com/rixubis-drug.htm
458,https://www.rxlist.com/benefix-drug.htm
459,https://www.rxlist.com/novoseven-drug.htm
460,https://www.rxlist.com/sevenfact-drug.htm
462,https://www.rxlist.com/andexxa-drug.htm
463,https://www.rxlist.com/coartem-drug.htm
464,https://www.rxlist.com/sympazan-drug.htm
465,https://www.rxlist.com/tybost-drug.htm
468,https://www.rxlist.com/goprelto-drug.htm
469,https://www.rxlist.com/numbrino-drug.htm
472,https://www.rxlist.com/codeine-phosphate-drug.htm
473,https://www.rxlist.com/tuxarin-er-drug.htm
474,https://www.rxlist.com/phenergan-codeine-drug.htm
475,https://www.rxlist.com/tuzistra-xr-drug.htm
477,https://www.rxlist.com/cogentin-drug.htm
478,https://www.rxlist.com/cognex-drug.htm
479,https://www.rxlist.com/colazal-drug.htm
480,https://www.rxlist.com/colchicine-drug.htm
481,https://www.rxlist.com/mitigare-drug.htm
482,https://www.rxlist.com/gloperba-drug.htm
487,https://www.rxlist.com/welchol-drug.htm
492,https://www.rxlist.com/santyl-drug.htm
493,https://www.rxlist.com/xiaflex-drug.htm
494,https://www.rxlist.com/qwo-drug.htm
495,https://www.rxlist.com/colocort-drug.htm
498,https://www.rxlist.com/colyte-drug.htm
499,https://www.rxlist.com/combigan-drug.htm
500,https://www.rxlist.com/infanrix-hexa-drug.htm
501,https://www.rxlist.com/combipatch-drug.htm
502,https://www.rxlist.com/combivent-drug.htm
503,https://www.rxlist.com/combivent-respimat-drug.htm
504,https://www.rxlist.com/combivir-drug.htm
505,https://www.rxlist.com/combunox-drug.htm
507,https://www.rxlist.com/compazine-drug.htm
508,https://www.rxlist.com/complera-drug.htm
509,https://www.rxlist.com/compro-drug.htm
510,https://www.rxlist.com/comtan-drug.htm
511,https://www.rxlist.com/comvax-drug.htm
512,https://www.rxlist.com/concensi-drug.htm
513,https://www.rxlist.com/concerta-drug.htm
514,https://www.rxlist.com/condylox-drug.htm
515,https://www.rxlist.com/condylox-topical-drug.htm
516,https://www.rxlist.com/vaprisol-drug.htm
517,https://www.rxlist.com/premarin-drug.htm
518,https://www.rxlist.com/duavee-drug.htm
519,https://www.rxlist.com/premarin-injection-drug.htm
520,https://www.rxlist.com/premarin-vaginal-cream-drug.htm
521,https://www.rxlist.com/prempro-drug.htm
522,https://www.rxlist.com/conjupri-drug.htm
523,https://www.rxlist.com/conray-drug.htm
524,https://www.rxlist.com/consensi-drug.htm
525,https://www.rxlist.com/constulose-drug.htm
526,https://www.rxlist.com/contrave-drug.htm
527,https://www.rxlist.com/conzip-drug.htm
528,https://www.rxlist.com/aliqopa-drug.htm
529,https://www.rxlist.com/copaxone-drug.htm
530,https://www.rxlist.com/copegus-drug.htm
531,https://www.rxlist.com/copiktra-drug.htm
533,https://www.rxlist.com/detectnet-drug.htm
536,https://www.rxlist.com/allocord-drug.htm
537,https://www.rxlist.com/cordarone-drug.htm
538,https://www.rxlist.com/cordarone-iv-drug.htm
541,https://www.rxlist.com/cordran-lotion-drug.htm
542,https://www.rxlist.com/cordran-tape-drug.htm
545,https://www.rxlist.com/corgard-drug.htm
546,https://www.rxlist.com/corifact-drug.htm
547,https://www.rxlist.com/corlanor-drug.htm
548,https://www.rxlist.com/corlopam-drug.htm
552,https://www.rxlist.com/cortaid-drug.htm
553,https://www.rxlist.com/cortaren-drug.htm
554,https://www.rxlist.com/cortef-drug.htm
555,https://www.rxlist.com/cortenema-drug.htm
556,https://www.rxlist.com/acthrel-drug.htm
558,https://www.rxlist.com/cortisporin-cream-drug.htm
559,https://www.rxlist.com/cortisporin-ointment-drug.htm
560,https://www.rxlist.com/cortisporin-ophthalmic-ointment-drug.htm
561,https://www.rxlist.com/cortisporin-ophthalmic-suspension-drug.htm
562,https://www.rxlist.com/cortisporin-otic-solution-drug.htm
563,https://www.rxlist.com/cortisporin-otic-suspension-drug.htm
566,https://www.rxlist.com/corvert-drug.htm
567,https://www.rxlist.com/corzide-drug.htm
568,https://www.rxlist.com/cosela-drug.htm
569,https://www.rxlist.com/cosentyx-drug.htm
570,https://www.rxlist.com/cosmegen-drug.htm
571,https://www.rxlist.com/cosopt-drug.htm
574,https://www.rxlist.com/cotempla-xr-odt-drug.htm
575,https://www.rxlist.com/coumadin-drug.htm
576,https://www.rxlist.com/covera-hs-drug.htm
577,https://www.rxlist.com/pfizer-biontech-covid-19-vaccine-drug.htm
578,https://www.rxlist.com/moderna-covid-19-vaccine-drug.htm
579,https://www.rxlist.com/cozaar-drug.htm
580,https://www.rxlist.com/creon-drug.htm
581,https://www.rxlist.com/creon-10-drug.htm
582,https://www.rxlist.com/creon-20-drug.htm
583,https://www.rxlist.com/creon-5-drug.htm
584,https://www.rxlist.com/cresemba-drug.htm
585,https://www.rxlist.com/crestor-drug.htm
586,https://www.rxlist.com/crinone-drug.htm
587,https://www.rxlist.com/eucrisa-drug.htm
588,https://www.rxlist.com/crixivan-drug.htm
589,https://www.rxlist.com/adakveo-drug.htm
590,https://www.rxlist.com/xalkori-drug.htm
592,https://www.rxlist.com/fulyzaq-drug.htm
593,https://www.rxlist.com/mytesi-drug.htm
596,https://www.rxlist.com/nasalcrom-drug.htm
597,https://www.rxlist.com/intal-drug.htm
598,https://www.rxlist.com/intal-nebulizer-solution-drug.htm
599,https://www.rxlist.com/opticrom-drug.htm
600,https://www.rxlist.com/gel-one-drug.htm
602,https://www.rxlist.com/eurax-drug.htm
603,https://www.rxlist.com/cryselle-drug.htm
604,https://www.rxlist.com/aminosyn-sulfite-free-drug.htm
605,https://www.rxlist.com/aminosyn-electrolytes-drug.htm
606,https://www.rxlist.com/crysvita-drug.htm
607,https://www.rxlist.com/cubicin-drug.htm
608,https://www.rxlist.com/cubicin-rf-drug.htm
610,https://www.rxlist.com/cuprimine-drug.htm
611,https://www.rxlist.com/curosurf-drug.htm
612,https://www.rxlist.com/cutivate-drug.htm
613,https://www.rxlist.com/cutivate-lotion-drug.htm
614,https://www.rxlist.com/cutivate-ointment-drug.htm
615,https://www.rxlist.com/cuvitru-drug.htm
616,https://www.rxlist.com/cuvposa-drug.htm
617,https://www.rxlist.com/cyanocobalamin-drug.htm
618,https://www.rxlist.com/nascobal-drug.htm
620,https://www.rxlist.com/cyanokit-drug.htm
621,https://www.rxlist.com/cyclafem-drug.htm
622,https://www.rxlist.com/cyclessa-drug.htm
623,https://www.rxlist.com/flexeril-drug.htm
624,https://www.rxlist.com/amrix-drug.htm
625,https://www.rxlist.com/fexmid-drug.htm
626,https://www.rxlist.com/cyclocort-drug.htm
631,https://www.rxlist.com/ak-pentolate-drug.htm
633,https://www.rxlist.com/seromycin-drug.htm
634,https://www.rxlist.com/cycloset-drug.htm
635,https://www.rxlist.com/sandimmune-drug.htm
636,https://www.rxlist.com/neoral-drug.htm
637,https://www.rxlist.com/restasis-drug.htm
638,https://www.rxlist.com/gengraf-capsules-drug.htm
640,https://www.rxlist.com/gengraf-oral-solution-drug.htm
642,https://www.rxlist.com/cyklokapron-drug.htm
643,https://www.rxlist.com/cylert-drug.htm
644,https://www.rxlist.com/cyltezo-drug.htm
645,https://www.rxlist.com/cymbalta-drug.htm
648,https://www.rxlist.com/cyramza-drug.htm
649,https://www.rxlist.com/cystadane-drug.htm
654,https://www.rxlist.com/procysbi-drug.htm
657,https://www.rxlist.com/elcys-drug.htm
658,https://www.rxlist.com/nouress-drug.htm
659,https://www.rxlist.com/cystografin-drug.htm
660,https://www.rxlist.com/cysview-drug.htm
661,https://www.rxlist.com/cytadren-drug.htm
662,https://www.rxlist.com/cytarabine-drug.htm
663,https://www.rxlist.com/depocyt-drug.htm
666,https://www.rxlist.com/cytomel-drug.htm
667,https://www.rxlist.com/cytotec-drug.htm
668,https://www.rxlist.com/cytovene-drug.htm
